{"Train Loss client 1": 0.009869935922324657, "_timestamp": 1695717840.1933665, "_runtime": 2042.1685936450958, "_step": 500, "Train Loss client 0": 0.04377112165093422, "Train Loss client 4": 0.0683528482913971, "Train Loss client 3": 0.1694510281085968, "Train Loss client 2": 0.08166633546352386, "Train Loss client 8": 0.12417437881231308, "Train Loss client 9": 0.008189148269593716, "Train Loss client 6": 0.01181920524686575, "Train Loss client 7": 0.16921716928482056, "Train Loss client 5": 0.0009050928056240082, "AUC Before Max": 0.8045229297985518, "AUC After Max": 0, "_wandb": {"runtime": 2047}}