{"client status": {"before": {"test_AUC": 0.6350576246315386}, "after": {"test_AUC": 0.6754564769942073}}, "_timestamp": 1695787702.3802798, "_runtime": 133.9184308052063, "_step": 3}