{"Train Loss client 1": 0.12401297688484192, "_timestamp": 1695709443.5350986, "_runtime": 473.4823634624481, "_step": 25, "Train Loss client 0": 0.15498535335063934, "Train Loss client 4": 0.12900391221046448, "Train Loss client 3": 0.04908321797847748, "Train Loss client 2": 0.22020433843135834, "Train Loss client 8": 0.18125642836093903, "Train Loss client 9": 0.030673308297991753, "Train Loss client 6": 0.06841058284044266, "AUC Before Max": 0.4089082188809908, "AUC After Max": 0, "Train Loss client 7": 0.13555577397346497, "_wandb": {"runtime": 479}}