{"Train Loss client 1": 0.09975165128707886, "_timestamp": 1695711699.471577, "_runtime": 1384.4733839035034, "_step": 514, "Train Loss client 0": 0.13696299493312836, "Train Loss client 4": 0.07032819092273712, "Train Loss client 3": 0.0320834144949913, "Train Loss client 2": 0.16971111297607422, "Train Loss client 8": 0.1554868519306183, "Train Loss client 9": 0.01711438223719597, "Train Loss client 6": 0.05506150424480438, "Train Loss client 7": 0.10608939081430435, "Train Loss client 5": 0.1891966015100479}