{"Train Loss client 0": 0.04425759240984917, "_timestamp": 1695726082.1239605, "_runtime": 2381.6662476062775, "_step": 1000, "Train Loss client 2": 0.22057630121707916, "Train Loss client 1": 0.033687859773635864, "Train Loss client 4": 0.003373353509232402, "Train Loss client 3": 0.04462238773703575, "AUC Before Max": 0.7777485878188292, "AUC After Max": 0, "AUC Before Average": 0.7777485878188292, "_wandb": {"runtime": 2386}}