{"Train Loss client 20": 0.18732739984989166, "_timestamp": 1695706237.093166, "_runtime": 274.76941108703613, "_step": 13, "Train Loss client 3": 0.12691664695739746, "Train Loss client 0": 0.06283237785100937, "Train Loss client 23": 0.11215559393167496, "Train Loss client 8": 0.14840659499168396, "Train Loss client 7": 0.15033628046512604, "Train Loss client 4": 0.12338169664144516, "Train Loss client 21": 0.14710068702697754, "Train Loss client 17": 0.1626434326171875, "Train Loss client 2": 0.09918975830078125}