{"Train Loss client 20": 0.18732739984989166, "_timestamp": 1695705595.424571, "_runtime": 51.27311110496521, "_step": 1, "Train Loss client 3": 0.2067772001028061}