{"Train Loss client 1": 0.12401297688484192, "_timestamp": 1695708779.3375645, "_runtime": 980.7240855693817, "_step": 23, "Train Loss client 0": 0.15498535335063934, "Train Loss client 4": 0.12900391221046448, "Train Loss client 3": 0.04908321797847748, "Train Loss client 2": 0.22020433843135834, "Train Loss client 8": 0.18125642836093903, "Train Loss client 9": 0.030673308297991753, "Train Loss client 6": 0.06841058284044266}