{"Train Loss client 1": 0.010061011649668217, "_timestamp": 1695713477.105042, "_runtime": 1043.6329209804535, "_step": 250, "Train Loss client 0": 0.04752863198518753, "Train Loss client 4": 0.073387511074543, "Train Loss client 3": 0.17799115180969238, "Train Loss client 2": 0.09309480339288712, "Train Loss client 8": 0.12690836191177368, "Train Loss client 9": 0.009092696942389011, "Train Loss client 6": 0.012288141995668411, "Train Loss client 7": 0.18088112771511078, "Train Loss client 5": 0.0014112000353634357, "AUC Before Max": 0.7970711884000306, "AUC After Max": 0, "_wandb": {"runtime": 1048}}