{"Train Loss": 0.06238372251391411, "_timestamp": 1695579872.002175, "_runtime": 170.34327006340027, "_step": 2}