{"AUC Before": [0.5384166620460344, 0.5384166620460344, 0.5384166620460344, 0.5384166620460344, 0.5384166620460344, 0.5384166620460344, 0.5384166620460344, 0.5384166620460344, 0.5384166620460344, 0.5384166620460344, 0.5384166620460344, 0.5384166620460344, 0.5384166620460344, 0.5384166620460344, 0.5384166620460344, 0.5384166620460344, 0.5384166620460344, 0.5384166620460344, 0.5384166620460344, 0.5384166620460344, 0.5384166620460344, 0.5384166620460344, 0.5384166620460344, 0.5384166620460344, 0.5384166620460344], "AUC After": [0, 0, 0, 0, 0, 0, 0, 0, 0, 0, 0, 0, 0, 0, 0, 0, 0, 0, 0, 0, 0, 0, 0, 0, 0], "_timestamp": 1695570790.4367073, "_runtime": 2528.661516189575, "_step": 50, "_wandb": {"runtime": 2565}}