{"Train Loss client 1": 0.008755856193602085, "_timestamp": 1695723559.4903433, "_runtime": 2377.814744234085, "_step": 909, "Train Loss client 0": 0.04186299070715904, "Train Loss client 4": 0.0663834661245346, "Train Loss client 3": 0.16650357842445374, "Train Loss client 2": 0.0786379724740982, "Train Loss client 8": 0.12067950516939163, "Train Loss client 9": 0.007308869622647762, "Train Loss client 6": 0.01114721316844225, "Train Loss client 7": 0.16694855690002441, "Train Loss client 5": 0.00102736905682832}