{"Train Loss client 20": 0.08978909254074097, "_timestamp": 1695715575.4842377, "_runtime": 693.15212059021, "_step": 86, "Train Loss client 3": 0.02761724591255188, "Train Loss client 0": 0.06935190409421921, "Train Loss client 23": 0.0952601358294487, "Train Loss client 8": 0.10311651974916458, "Train Loss client 7": 0.09724216908216476, "Train Loss client 4": 0.09222407639026642, "Train Loss client 21": 0.10027885437011719, "Train Loss client 17": 0.09335540235042572, "Train Loss client 2": 0.21619543433189392, "Train Loss client 18": 0.02057574689388275, "Train Loss client 13": 0.25323811173439026, "Train Loss client 1": 0.07153807580471039}