{"Train Loss client 20": 0.08978909254074097, "_timestamp": 1695714559.9007187, "_runtime": 227.75852060317993, "_step": 25, "Train Loss client 3": 0.06023871526122093, "Train Loss client 0": 0.08252542465925217, "Train Loss client 23": 0.11866423487663269, "Train Loss client 8": 0.10311651974916458, "Train Loss client 7": 0.11388996243476868}