{"Train Loss client 1": 0.11581398546695709, "_timestamp": 1695712204.838655, "_runtime": 381.4962739944458, "_step": 94, "Train Loss client 0": 0.13963687419891357, "Train Loss client 4": 0.10168710350990295, "Train Loss client 3": 0.03915160894393921, "Train Loss client 2": 0.20139166712760925, "Train Loss client 8": 0.1715327799320221, "Train Loss client 9": 0.022277923300862312, "Train Loss client 6": 0.06516329944133759}