{"Train Loss client 1": 0.12401297688484192, "_timestamp": 1695710188.8839786, "_runtime": 274.1751365661621, "_step": 15, "Train Loss client 0": 0.16073675453662872, "Train Loss client 4": 0.12900391221046448, "Train Loss client 3": 0.04961402714252472, "Train Loss client 2": 0.22020433843135834, "Train Loss client 8": 0.21144375205039978, "Train Loss client 9": 0.03781483322381973, "Train Loss client 6": 0.07961123436689377}